{
    "times_square": [
        {
            "count": 36.333333333333336,
            "time": 1328356800000
        }
    ],
    "grand_central": [
        {
            "count": 22.842105263157894,
            "time": 1328356800000
        }
    ]
}